"2017-12-14T19:00:37","https://ebeshero.github.io/Pittsburgh_Frankenstein/Frankenstein_1818.html","jonklancher","EpB15OEBEeegld-ePA1K7g","GwWrAWaw","paradise, religion, Milton, imagination, Hell, poetry","a Paradise of my own creation","Walton's imagined ""paradise"" of his own making suggests the power of imagination, yet also the possibility of creating a Hell of one's own as well (Victor)."
"2017-10-06T17:43:55","https://ebeshero.github.io/Pittsburgh_Frankenstein/Frankenstein_1818.html","jonklancher","zgwleoUDEeeTUxdoVGeAuA","GwWrAWaw","natural philosophy","air-pump","A key instrument for scientific experiment on gases, the first fully successful air-pump was created for Robert Boyle's experiments at the Royal Society in 1658. Victor's enthusiasm for a modern scientific instrument counterbalances his attraction to magic and pre-modern philosophy. For the wider significance of this invention, see Steven Shapin and Simon Schaffer, *Leviathan and the Air Pump* (1985)."
"2017-10-06T17:33:41","https://ebeshero.github.io/Pittsburgh_Frankenstein/Frankenstein_1818.html","jonklancher","a4mdSj_wEeejCuv0bq6W1A","GwWrAWaw","family, incest","the inv1_045fant Elizabeth, the          only child of his deceased siste","As Victor's cousin, Elizabeth also will play other family roles as ""sister,"" substitute ""mother,"" and finally ""wife."" In 1831 Mary Shelley changes Elizabeth role so that she is a foundling, unrelated to Victor by blood. Some modern critics believe this 1831 change avoids the possibilty of incest in the 1818 novel, and makes the later novel more conservative in implication. For the first argument of this kind, see Ellen Moers, ""Female Gothic: The Monster's Mother,"" *New York Review of Books*, March 21 and April 4, 1974"
"2017-10-06T17:26:47","https://ebeshero.github.io/Pittsburgh_Frankenstein/Frankenstein_1818.html","jonklancher","FUO7HD_yEeeIZ-e37-oKvA","GwWrAWaw","Switzerland, political philosophy, geography","I am by birth a Genevese","Born in Geneva Switzerland, Victor is a potential hero insofar as he embodies the ""republican"" virtue's of Europe's only country, much admired by the Shelleys, which did not have a hereditary monarchy. By making Geneva so central to the novel's cultural geography, Mary Shelley also designates the relation between Victor's ambition and Jean Jacques Rousseau's world-making ambition in *Discourse on Inequality* among other works."
"2017-08-23T19:47:05","https://ebeshero.github.io/Pittsburgh_Frankenstein/Frankenstein_1818.html","jonklancher","0qDB2IdoEee0Mn_vJx9s3g","GwWrAWaw","geography, england","The country in the neighbourhood of this          village resembled, to a greater degree, the scenery of Switzerland","Victor's decision to tour the English countryside, rather than take the fastest road to Edinburgh, affords his party the chance to compare English geography to Europe's and they do so it considerable detail, beginning with this comparsion of the country around Matlock to Switzerland. Matlock was south of the industrial cities of Manchester and Leeds, but it is on the way to the Lake District in Victor's northern tour. "
"2017-08-23T19:40:26","https://ebeshero.github.io/Pittsburgh_Frankenstein/Frankenstein_1818.html","jonklancher","qZwddodlEee3G5PhKwJ6vQ","GwWrAWaw","","we proceeded to Oxford","No university in Europe could have been more the opposite of the University of Ingolstadt (where Victor learned his science) than Oxford University, seat of theological learning and a holdout against any form of Enlightenment sciences. Victor also initially nostalgic for the days of Charles I when the absolute monarch was beleaguered in the early years of the English Revolution (1642-1659). He later praises the republican opponent of Charles I, John Hampden. What version of England's poltical past she means to commemorate in this chapter remains an interesting question. "
"2017-08-23T19:28:04","https://ebeshero.github.io/Pittsburgh_Frankenstein/Frankenstein_1818.html","jonklancher","PgN-FoUbEee5ygdgCAEx1w","GwWrAWaw","Goethe, Sorrows of Werther"," Sorrows of Werter","The Creature clearly identifies himself with the hero of Goethe's novel *The Sorrows of Werther* but unlike many of its European readers, Werther is not a glamorous figure but an emblem of the Creature's own isolation and despair. On the relation of these novels, see also "
"2017-08-23T19:05:17","https://ebeshero.github.io/Pittsburgh_Frankenstein/Frankenstein_1818.html","jonklancher","m-cbZoUPEeei1EcMKzwoJw","GwWrAWaw","Percy Shelley, poetry","Nought may endure but mutability!","This stanza from Percy Shelley's poem ""Mutability"" (1816)  may have helped convince readers of 1818 that the novel's author was indeed Percy rather than Mary, since it is not attributed to its author. But it also, of course, is far outside the novel's fictional eighteenth century setting. For more on the standing of poetry in the novel, see "
"2017-08-23T19:02:25","https://ebeshero.github.io/Pittsburgh_Frankenstein/Frankenstein_1818.html","jonklancher","9XhuwIUNEeelwZtW2ePwMA","GwWrAWaw","family, empire","domestic affections","Victor's realization that his own pursuit of knowledge has weakened or damaged his ""domestic affections"" begins Shelley's extended argument on this question. But this passage on empire building as the greatest historical antagonist to domestic tranquillity suggests it is the ambition to dominate rather than ""science"" as such that destroys domestic life. See also "
"2017-08-23T19:01:40","https://ebeshero.github.io/Pittsburgh_Frankenstein/Frankenstein_1818.html","jonklancher","81ChEoUNEeeTMfc6VUQC8w","GwWrAWaw","","physiology","By 1818 physiology had become a controversial branch of medicine at the center of the dispute between vitalism, the idea that a divine spark energized animal life, and materialism, the argument that chemical processes alone give rise to life. Mary Shelley was well aware of the dispute since the Shelleys' family doctor, William Lawrence, was vigorously taking up the materialist argument in works like *An Introduction to Comparative Anatomy and Physiology** (1816). For a full view of this controversy as it relates to the novel, see Marilyn Butler, ""*Frankenstein* and Radical Science"" [1993] reprinted in J. Paul Hunter, *Frankenstein,* Norton Critical Edition, second ed. (New York: Norton, 2012) 404-416."
"2017-08-23T18:55:33","https://ebeshero.github.io/Pittsburgh_Frankenstein/Frankenstein_1818.html","jonklancher","1JJsVoUNEeeKSyuAt5xpFA","GwWrAWaw","Henry Clerval, poetry","Henry had a refined          mind","Victor distinguishes Henry Clerval from those, like own his father, who dissociatee commercial life from polite learning. Henry. is a master of languages and especially values poetry, a passion that makes him both equal to Victor's passion for natural philosophy and opposed to it. For more on the exceptional role of Clerval, see "
"2017-08-23T18:54:02","https://ebeshero.github.io/Pittsburgh_Frankenstein/Frankenstein_1818.html","jonklancher","0pEXVIUNEeeIz2frR_HbSA","GwWrAWaw","family","my mother sickened","The death of Victor's mother, caused by her catching Elizabeth's scarlet fever, would lead in Victor's mind to a morbid association between the two women. It appears more vividly in Victor's nightmare in chapter XX, associated there with his first horror at beholding his creature. On the maternal and even incestuous dimensions of this passage, see also "
"2017-08-23T18:53:09","https://ebeshero.github.io/Pittsburgh_Frankenstein/Frankenstein_1818.html","jonklancher","005pJoUNEeeKSivN4i_6Xw","GwWrAWaw","education, enlightenment, geography","university of Ingolstadt","Founded in 1472 in Bavaria, about 400 miles northeast of Geneva, this university became a leading center of scientific learning in the eighteenth century; the emergence of the Illuminati there in 1776 also identified it with the radical enlightenment. northeast of Geneva."
"2017-08-23T18:46:05","https://ebeshero.github.io/Pittsburgh_Frankenstein/Frankenstein_1818.html","jonklancher","x5NaOIUNEeehTRfhLHMAZg","GwWrAWaw","lectures, natural philosophy, Humphry Davy","a course of lectures upon natural          philosophy","Far more than printed books, attendance at lectures on natural philosophy instructed thousands of eighteenth-century students of the sciences. Mary Shelley indirectly refers the reader to the vastly popular London lectures on the sciences to which audiences had been flocking since Humphry Davy's inaugural lectures in 1802. Anne Mellor has persuasively argued that Davy was a partial model for the character of Victor in this novel. But English scientific lectures were also widely printed through the eighteenth century before Davy's time. For a good example of published lectures Victor might have read in the later eighteenth century, see J. T. Desaguliers, *A Course of Experimental Philosophy,* (London, 1734-44). "
"2017-08-23T18:40:14","https://ebeshero.github.io/Pittsburgh_Frankenstein/Frankenstein_1818.html","jonklancher","t-MpOj_xEeer_UvcATsMAg","GwWrAWaw","Paracelsus, religion, science","Paracelsus and Albertus Magnus","Paracelsus was a medieval German theologian and scientist (1200-1280) DETAILS; Albertus Magnus was XXX details."
"2017-08-23T18:39:36","https://ebeshero.github.io/Pittsburgh_Frankenstein/Frankenstein_1818.html","jonklancher","SbQjfj_xEeeM3qf1ac50Ig","GwWrAWaw","science","Natural philosophy is the genius that has regulated my fate","Not called ""science"" until the nineteenth century, ""natural philosophy"" was science in the tradition of England's Royal Society, with its emphasis on Baconian induction, careful experiment, and refusal of any older science that could not be proven and demonstrated in a laboratory. On works of ""natural philosophy"" that Victor might have read, see also XXX"
"2017-08-23T18:38:40","https://ebeshero.github.io/Pittsburgh_Frankenstein/Frankenstein_1818.html","jonklancher","bDTVAj_wEeeV-6uMks2gCQ","GwWrAWaw","romance, imagination","His favourite study consisted in books          of          chivalry and romance","Like Robert Walton's love for poetry, Henry Clerval's love for books of chivalry and romance makes him sociable and open to domestic affections, unlike Victor. Yet Victor will later regret that he did not have Henry's or Victor's orientation to languages and poetry at the most important moments."
"2017-08-23T18:29:37","https://ebeshero.github.io/Pittsburgh_Frankenstein/Frankenstein_1818.html","jonklancher","Y9_F7j_uEeeggAvWvr6tZw","GwWrAWaw","friendship"," I once had a friend, the most noble of human          creatures,","Victor also yearns for a friend, having lost this former friend of ""noble"" stature.  On friendship in the novel, see also "
"2017-08-23T18:28:54","https://ebeshero.github.io/Pittsburgh_Frankenstein/Frankenstein_1818.html","jonklancher","6taVdD_tEeeJmWefRKqurg","GwWrAWaw","creature","the shape of a man, but apparently of gigantic          stature","The first sighting of the Creature in the Arctic, which shortly precedes the appearance of Victor. His ""gigantic stature"" will later be revealed as a height of about eight feet tall. This seemingly minor dimension of the Creature's power can be appreciated when we think about how few giants or outsized human figures appear in modern realism since the mid-18th century.  On this point, see Mark McGurl, GIANTS essay "
"2017-08-23T18:26:20","https://ebeshero.github.io/Pittsburgh_Frankenstein/Frankenstein_1818.html","jonklancher","uldABj_tEeeIZft8tFD5gA","GwWrAWaw","Samuel Taylor Coleridge, poetry","I shall kill no          albatross,","A reference to Samuel Taylor Coleridge's poem ""Rime of the Ancient Mariner,"" in which the Mariner inexplicably slays an albatross. This allusion may imply that Walton will play the role of Coleridge's Wedding Guest instead: he will listen to Victor's long, obsessive story. Since the poem was not published until September, 1798, this reference also places the ""17--"" of the action as the summer of 1799. For the novel's many references to this poem, see XXX"
"2017-08-23T18:25:35","https://ebeshero.github.io/Pittsburgh_Frankenstein/Frankenstein_1818.html","jonklancher","Lgbtwj_tEeesd6c4nnSJjg","GwWrAWaw","class","He is, moreover,          heroically generous","Robert's shipmaster is working class (""unsoftened by cultivation"") but also unusually kind, generous, and mild-tempered. At other times in the novel Mary Shelley will imply fear and distrust of the English working class. On this issue, see Warren Montage. xxx"
"2017-08-23T18:24:40","https://ebeshero.github.io/Pittsburgh_Frankenstein/Frankenstein_1818.html","jonklancher","ktLaoD_sEeesdhc8Yk4O-g","GwWrAWaw","sympathy, friendship","I desire the company of a man who could sympathize          with me;","Both Robert and Victor Frankenstein yearn for a male friend; only Robert expresses this desire as a wish for ""sympathy,"" the great human virtue of fellow feeling celebrated in sentimental novels and moral philosophy. "
"2017-08-23T18:23:53","https://ebeshero.github.io/Pittsburgh_Frankenstein/Frankenstein_1818.html","jonklancher","iSjJ6D_rEeeRcf_J76IQ3w","GwWrAWaw","https://ebeshero.github.io/Pittsburgh_Frankenstein/Frankenstein_1818.html, poetry, imagination"," I also became a poet","Walton's wish to be a poet, like Henry Clerval's taste for tales of romance, attest to their imaginativeness and greater capacity for sympathy than Victor, who has no literary interests, will show.  Victor also suggests that had his fate not turned out differently, he might have been a Henry Clerval. SEE chapter xx."
"2017-08-23T18:22:48","https://ebeshero.github.io/Pittsburgh_Frankenstein/Frankenstein_1818.html","jonklancher","ZjH1eD_qEee82z_ZSHVivg","GwWrAWaw","north pole, arctic, religion","I try in vain to be persuaded that the pole is the seat of frost          and          desolation; it ever presents itself to my imagination as the region of beauty and          delight.          There, Margaret, the sun is for ever visible; its broad disk just skirting the horizon,          and          diffusing a perpetual splendour.","Robert imagines the cold North Pole as a sunny garden, suggesting a kind of Paradise as the destination toward which his scientific quest is moving. This is one of many affinities to Victor, whose fall into the profane knowledge of modern science, also links him to Adam's expulsion from the Garden of Eden."
"2017-08-23T18:20:52","https://ebeshero.github.io/Pittsburgh_Frankenstein/Frankenstein_1818.html","jonklancher","zzMgaj_qEeeDXGtNGARk5Q","GwWrAWaw","voyages, Northwest Passage, geography","voyages which have been made in the prospect of arriving at the North Pacific          Ocean","Both commercial and scientific voyages have been searching for a Northern passage across the top of the world. For the Arctic context, see Adriana Craciun ressay in *Ninteteenth Century Literature* FIX"
"2017-08-23T18:18:04","https://ebeshero.github.io/Pittsburgh_Frankenstein/Frankenstein_1818.html","jonklancher","b5B2lD_qEeeFXw-pTaC2Lw","GwWrAWaw","novel","humble novelist,","Still a genre not recognized as worthy of being called literature, even in the 1818 edition, thie novel gains some  stature from this association with Milton, Shakespeare, and Greek epic and poetry."
"2017-08-23T18:16:41","https://ebeshero.github.io/Pittsburgh_Frankenstein/Frankenstein_1818.html","jonklancher","0_-afD_nEeeCBjtumcj9dg","GwWrAWaw","Erasmus Darwin, science, poetry","Dr. Darwin","Erasmus Darwin, the evolutionist and poet hailing from Birmingham England, is clearly on Percy Shelley's mind when he introduces Mary's text in the 1818 edition. Critics of the novel have not often followed this lead in thinking about it as an early work in the British evolutionary imagination. Erasmus Darwin had made ""not of impossible occurrence"" that one presently visible species could mutate into another. Victor clearly contemplates this possibility--as an alarming pone--when he speculates in chapter XX that the Creature's demand that he create a ""mate"" could result in a new evolutionary development, ""a race of devils."""
"2017-08-22T19:11:55","https://ebeshero.github.io/Pittsburgh_Frankenstein/Frankenstein_1818.html","jonklancher","w1XKZodtEee0OTM4MTfiQQ","GwWrAWaw","","Cumberland and          Westmoreland","Given how often Wordsworth and Coleridge are quoted in the novel, it seems inevitable that Victor would tour the Lake Country in northern England, the scene of ""Tintern Abbey"" and many of the *Lyrical Ballads*, "
"2017-08-22T19:10:24","https://ebeshero.github.io/Pittsburgh_Frankenstein/Frankenstein_1818.html","jonklancher","jPTJpIdtEeecXLNNzql8Nw","GwWrAWaw","","Evil thenceforth became my good.","The Creature cites Satan's confession in Milton's *Paradise Lost*: ""all Good to me is lost; / Evil be thou my Good"" (4: 109-110). "
"2017-08-22T18:49:01","https://ebeshero.github.io/Pittsburgh_Frankenstein/Frankenstein_1818.html","jonklancher","kDlK_IdqEeeVS4tc-m4F1Q","GwWrAWaw","Malthus, population","         a race of devils would be propagated upon the earth","Victor's frightening imagination of a ""race of devils"" that would be ""propagated upon the earth"" may owe something to fears of vast population increase in the wake of debates over Thomas Malthus's predictions in *An Essay on the Principle of Population* (1798), which were being fiercely debated (by Godwin and William Hazlitt among others) around the time of the novel's composition. See also Clara Tuite, ""Frankenstein's Monster and Malthus's 'Jaundiced Eye': Population, Body Politics, and the Monstrous Sublime."" *Eighteenth Century Life,* 22.1 (1998)"
"2017-08-22T18:34:32","https://ebeshero.github.io/Pittsburgh_Frankenstein/Frankenstein_1818.html","jonklancher","rrdW9IdlEee2G88tvcWuMw","GwWrAWaw","","the          illustrious Hampden","Victor's admiration for John Hampden (1595-1643)--a leading English dissident opposing Charles I in the early years of the English Revolution--sits uneasily with his earlier nostalgia for the days of Charles I. Where the Creature had shown a consistent and clear sympathy with the radical Enlightenment, Victor seems as confused about the reactionary and progressive elements of the English past as he had about the modern and premodern versions of ""natural philosophy"" in the history of science. See also Iain Crawford, ""Wading Through Slaughter: John Hampden, Thomas Gray, and Mary Shelley's *Frankenstein*,"" *Studies in the Novel,* 20.3 (1988): 249-61."
"2017-08-22T18:34:04","https://ebeshero.github.io/Pittsburgh_Frankenstein/Frankenstein_1818.html","jonklancher","ed6IoIdoEeeml0u13NKYuA","GwWrAWaw","","in Clerval I saw the image of my former self","This is what Wordsworth says of his sister Dorothy in the final section of ""Tintern Abbey""--she is an image of his former self, the one enraptured by the cataracts of 1793, his first visit to the Wye Valley, not the matured mind speaking in the poem of 1798. But now it is Victor who sees in Henry Clerval his own ""former"" and potential self--inquisitive and open to possibility, rather than the blasted tragic self Victor now sees himself as having become. "
"2017-08-22T18:34:03","https://ebeshero.github.io/Pittsburgh_Frankenstein/Frankenstein_1818.html","jonklancher","ePDpnIdoEee93pOpWLvFCA","GwWrAWaw","","* Wordsworth’s ""Tintern Abbey","Victor could (possibly) have read ""Tintern Abbey""(published in September 1798) within the novel's time frame. But the lines quoted here suggest Clerval is identified, not with the poet of 1798 who wrote this poem, but with the earlier moment in Wordsworth's genealogy when his senses were wholly absorbed in the sights and sounds of ""nature""--and not yet with the ""philosophic mind"" that Wordsworth's poem makes the final stage of coming to poetiic powers. Clerval could not have been a Romantic poet, though his sensibilities might have made him one, had he not been killed by the Creature."
"2017-08-22T17:45:35","https://ebeshero.github.io/Pittsburgh_Frankenstein/Frankenstein_1818.html","jonklancher","s3-EqIdhEee2FVPeSGAZHg","GwWrAWaw","Leigh Hunt, poetry, Romanticism","the “very          poetry of nature.","Victor quotes Leigh Hunt's poem ""The Story of Rimini,"" published in 1816--a poem Victor could not, of course, have known in the novel's fictional time frame that ends in summer 1799. Like the passage from Percy Shelley's ""Mutability,"" this line from Hunt's poem belongs to the novel's extra-diagetic address to readers of 1818 rather than to canons of novelistic realism. Clerval is once again made an avatar of the Romantic poet that by 1818 had become solidly esconced in the British cultural imaginary.    "
"2017-08-19T20:19:14","https://ebeshero.github.io/Pittsburgh_Frankenstein/Frankenstein_1818.html","jonklancher","q3bNXoUbEeeN0H-60BGKZA","GwWrAWaw","novel","your          journal of the four months that preceded my creation","This is a reflexive moment in the novel when the Creature seems to have read something very much like the story Victor has told to Robert Walton in Volume 1--an account of what made him fabricate the Creature and its horrifying aftermath. "
"2017-08-19T20:14:36","https://ebeshero.github.io/Pittsburgh_Frankenstein/Frankenstein_1818.html","jonklancher","ZOaPLoUaEee_pksvKsZo0g","GwWrAWaw","","he father of Safie had been the cause of their ruin. He was a Turkish merchant","Mary Shelley seems to confuse ""Turk"" with ""Arab"" here, and more generally her picture of Safie's father as both suffering Christian religious prejudices (against Muslims) and yet himself acting as a wily, untrustworthy figure seems to reflect ""commonplaces of eighteenth-century liberalism,"" as Gayatri Spivak observes in *A Critique of Postcolonial Reason* (1999). "
"2017-08-19T19:55:14","https://ebeshero.github.io/Pittsburgh_Frankenstein/Frankenstein_1818.html","jonklancher","UQAhhIUYEeeTNsc8CDm7jA","GwWrAWaw","knowledge, empire, inequality","Of what a strange nature is knowledge","The Creature's story emphasizes the complex question of knowledge--how ""strange"" and contradictory it is to have, how ""sorrow only increased with knowledge""--in ways that suggest it is drastically reductive to see in this novel only a warning against science."
"2017-08-19T19:52:53","https://ebeshero.github.io/Pittsburgh_Frankenstein/Frankenstein_1818.html","jonklancher","_N1fwoUXEeeTNadsjOxcXA","GwWrAWaw","Volney, radical Enlightenment, empire","Volney’s Ruins of             Empires","Of the books the Creature learns in the forest, Volney's *The Ruins of Empires* was most closely associated with Europe's radical Enlightenment. While the Creature learns a powerful critique of power, imperialism, and exploitation from hearing Volney read aloud, he also absorbs some of the Enlightenment's own prejudices and ethnic stereotypes (""slothful Asiatics""). But the overall effect on the Creature is to give him a sense of the structural and not merely personal framework for understanding virtue and suffering."
"2017-08-19T19:40:45","https://ebeshero.github.io/Pittsburgh_Frankenstein/Frankenstein_1818.html","jonklancher","xHdqfoUSEeeI2ZOtBM2eyw","GwWrAWaw","sympathy, family","when they were          unhappy, I felt depressed; when they rejoiced, I sympathized in their joys","The eighteenth century British discourse of ""sympathy"" is especially vivid in the Creature's instinctive opening onto the emotions of others, echoing. as James Chandler shows, Adam Smith's arguments in *The Theory of Moral Sentiments* (1759). "
"2017-08-19T19:13:20","https://ebeshero.github.io/Pittsburgh_Frankenstein/Frankenstein_1818.html","jonklancher","dr9SYIUSEeeb2OPHn1EuuA","GwWrAWaw","famly, domestic affections","The girl was called sister, or Agatha; and the youth Felix, brother, or son.","The Creature first learns these figures by their family names of brother, sister, father, daughter as much as by their proper names, a sign that he is sensitive to ""domestic affections"""
"2017-08-19T19:12:03","https://ebeshero.github.io/Pittsburgh_Frankenstein/Frankenstein_1818.html","jonklancher","SNW5ooUSEee9sNP1yQHtyA","GwWrAWaw","John Milton, Paradise Lost, poetry","It was indeed a paradise","At this moment the Creature appears more strongly associated with Adam than with Satan, apparently born into a ""paradise."""
"2017-08-19T19:12:01","https://ebeshero.github.io/Pittsburgh_Frankenstein/Frankenstein_1818.html","jonklancher","R4b7OIUSEeeGds-ACR9TFg","GwWrAWaw","John Locke, empirical epistemology, education","a long time before I learned to distinguish between          the          operations of my various senses","The Creature's awakening to consciousness follows John Locke's account of how the mind slowly learns to distjnguish the various senses before it can apprehend the world. "
"2017-08-19T19:03:59","https://ebeshero.github.io/Pittsburgh_Frankenstein/Frankenstein_1818.html","jonklancher","KGVaZoUREeeNyefrz8KluA","GwWrAWaw","John Milton, poetry"," I am thy          creature: I ought to be thy Adam; but I am rather the fallen angel","This allusion to Milton's *Paradise Lost* puzzles some readers because the epigram of Volume II has previously quoted Adam's entreaty to God. Is the Creature more like Adam or more like the fallen angel Satan?"
"2017-08-19T18:40:00","https://ebeshero.github.io/Pittsburgh_Frankenstein/Frankenstein_1818.html","jonklancher","zob1eoUNEeeTHq8coHmoyw","GwWrAWaw","language","Clerval was no natural philosopher. His imagination was too vivid for the minutiae          of          science. Languages were his principal study;","Clerval's love of languages, as opposed to the ""minutiae of science,"" will later resonate with the Creature's perception that ""language is a Godlike science."" "
"2017-08-19T18:39:51","https://ebeshero.github.io/Pittsburgh_Frankenstein/Frankenstein_1818.html","jonklancher","yRuTyoUNEeeb1mfqGmtKKw","GwWrAWaw","family, domestic affections","her features appeared          to          change, and I thought that I held the corpse of my dead mother in my arms","Victor's intensely morbid association of Elizabeth with his dead mother, prefigured by his mother's death from scarlet fever in chapter XX, associates his act of creating the Creature (whom he has just witnessed for the first time) with this disturbing disruption of the ""domestic affections."" "
"2017-08-19T18:39:45","https://ebeshero.github.io/Pittsburgh_Frankenstein/Frankenstein_1818.html","jonklancher","xdr7LoUNEeelv29mnpZIDg","GwWrAWaw","Samuel, poetry","Because he knows a frightful fiend          Doth close behind him tread","In this passage from Part VI of ""The Rime of the Ancient Mariner,"" the Mariner faces the apparition of the dead sailors -- as if in a ""charnel-dungeon""--standing to rebuke him for their deaths."
"2017-08-19T18:39:43","https://ebeshero.github.io/Pittsburgh_Frankenstein/Frankenstein_1818.html","jonklancher","xD3O4IUNEeeFNoMzkPRAhg","GwWrAWaw","orientalism","orientalists","Both Cerval's mastery of foreign languages and his commercial activity in the ""orient"" (or Middle East) become a foil for the ""natural philosophy"" associated with Germany and northern Europe in the novel. "
"2017-08-19T17:32:44","https://ebeshero.github.io/Pittsburgh_Frankenstein/Frankenstein_1818.html","jonklancher","aUwsiIUEEee9q6OrjM0u5Q","GwWrAWaw","electricity, natural philosophy","“Electricity;”","Like the air-pump, recent experiments with electricity also fascinate Victor even while he reaches for a non-modern ""system"" that would be antithetical to empirical scientific reason."
"2017-05-23T19:52:05","https://ebeshero.github.io/Pittsburgh_Frankenstein/Frankenstein_1818.html","jonklancher","S_h2sj_xEeefo7NPyM0tFA","GwWrAWaw","science, magic, Agrippa","Cornelius Agrippa","Heinrich Cornelius Agrippa (1486-1535) was author of *De Occulta Philosophia**, known to practice magic, and considered nonsensical by modern natural philosophy."
"2017-05-23T19:45:51","https://ebeshero.github.io/Pittsburgh_Frankenstein/Frankenstein_1818.html","jonklancher","bS_LQj_wEeeEK98JuVmDlQ","GwWrAWaw","","In this description of our domestic circle I include Henry Clerval","Like Elizabeth, Henry is made part of the family and shares the ""domestic affections"" that we later learn are what Victor's quest for knowlege threatens."
"2017-05-23T19:27:56","https://ebeshero.github.io/Pittsburgh_Frankenstein/Frankenstein_1818.html","jonklancher","7EVX9j_tEeeZRgODcGb5fQ","GwWrAWaw","ambition","do I not deserve to accomplish some great purpose","Robert's high ambition links him to Victor's vast scientific ambition, one of many affinities they will recognize in each other."
"2017-05-23T19:02:51","https://ebeshero.github.io/Pittsburgh_Frankenstein/Frankenstein_1818.html","jonklancher","a4yvIj_qEeesdUfSO3Ipng","GwWrAWaw","sister, family","To Mrs. Saville, England.","Robert Walton's letters to his sister, Mrs. Saville, suggest he too, like Victor, has ambitious aims that conflict with his family member's sense of well being. She never appears as a character in the novel."
"2017-05-23T19:02:47","https://ebeshero.github.io/Pittsburgh_Frankenstein/Frankenstein_1818.html","jonklancher","aNXBVj_qEeeRcA_NBF4-CA","GwWrAWaw","St. Petersburgh, arctic, religion","St. Petersburgh","One of the northernmost cities in Russia, St. Petersburgh, along with the city Archangel mentioned below, suggest a journey with theological overtones as Robert Walton moves closer on his expedition to discovering the principle of creation, magnetism, and thus symbolically the seat of God."
"2017-05-23T19:02:45","https://ebeshero.github.io/Pittsburgh_Frankenstein/Frankenstein_1818.html","jonklancher","Z-g23j_qEeeHm_P_Pjj8hQ","GwWrAWaw","magnetism, north pole","I          may there          discover the wondrous power which attracts the needle","Robert's expedition hopes to reach the magnetic North Pole. Contemporary scientific debates suggested magnetism as the most powerful natural force responsible for life."
"2017-05-23T18:53:37","https://ebeshero.github.io/Pittsburgh_Frankenstein/Frankenstein_1818.html","jonklancher","IP67BD_pEeeDzIf2E5VrBA","GwWrAWaw","domestic affection, family","domestic affection","The idea of ""domestic affection"" will be the most important virtue for Mary Shelley, one that is repeatedly violated by Victor Frankenstein's disregard of family responsibility, including the care of his own creation, the Creature."
"2017-05-23T18:53:34","https://ebeshero.github.io/Pittsburgh_Frankenstein/Frankenstein_1818.html","jonklancher","H6fC8D_pEeeZRMt4cpT54g","GwWrAWaw","ghost stories, scene of creation","German stories          of          ghosts,","fill in titles and stories Byron, Shelley, and Mary Shelley read during the ""Geneva Summer"""
"2017-05-23T18:48:04","https://ebeshero.github.io/Pittsburgh_Frankenstein/Frankenstein_1818.html","jonklancher","Wt7kOj_oEeeRchvwpicKIA","GwWrAWaw","John Milton, poetry","Milton","(Percy) Shelley especially singles out Milton among the most important classic literature, indicating his strong influence in the novel"
"2017-05-23T18:45:42","https://ebeshero.github.io/Pittsburgh_Frankenstein/Frankenstein_1818.html","jonklancher","BjrQkj_oEeeDyncwlimSyg","GwWrAWaw","Shakespeare, drama","Shakespeare,","William Shakespeare"
"2017-05-23T18:44:13","https://ebeshero.github.io/Pittsburgh_Frankenstein/Frankenstein_1818.html","jonklancher","0UY7Vj_nEeeeaNs0bPvMlg","GwWrAWaw","John Milton, poetry, religion","Paradise Lost.","John Milton's *Paradise Lost* will be the most important book the Creatures hears read aloud in Book II. It provokes the Creature to think of himself as either Adam or Satan."
"2017-05-23T18:41:38","https://ebeshero.github.io/Pittsburgh_Frankenstein/Frankenstein_1818.html","jonklancher","dLbLJj_nEeeEJrdxCoi51Q","GwWrAWaw","authorship","THE AUTHOR.","Audiences and reviewers first took the novel to be written by Percy Shelley. He did likely write the Preface, but not the rest of the novel"
"2017-05-23T18:33:43","https://ebeshero.github.io/Pittsburgh_Frankenstein/Frankenstein_1818.html","jonklancher","WdHwej_mEeestvsLMnPaSQ","GwWrAWaw","Godwin, political philosophy","WILLIAM GODWIN,","William Godwin was Mary Godwin's father, the leading radical political philosopher of the Romantic period."
"2017-04-05T22:20:51","https://mjlavin80.github.io/Pittsburgh_Frankenstein/frankenTexts_HTML/Frankenstein1818_ProjGutenberg.html","jonklancher","IJ_5rhpOEeeXcW9B6vsveA","GwWrAWaw","sympathy, moral philosophy","sympathy","Throughout the novel Shelley appeals to moral philosophy's principle of sympathy, most fully argued in  Adam Smith's *The Theory of Moral Sentiments* (1759); Victor's failure to extend sympathy to his creature, by every reader's account, contributes to the ruin of both."
"2017-04-05T16:18:06","https://mjlavin80.github.io/Pittsburgh_Frankenstein/frankenTexts_HTML/Frankenstein1818_ProjGutenberg.html","jonklancher","BZrALBobEee71AvNA0z8tQ","GwWrAWaw","poetry, Coleridge","to ""the land of mist and snow,"" but I shall kill no albatross","This reference to Coleridge's ""Rime of the Ancient Mariner,"" which becomes more explicit in the 1831 text, dates Walton's letters at summer 1799, less than a year after the poem's first publication in Lyrical Ballads (November 1798). "
"2017-04-05T16:02:22","https://mjlavin80.github.io/Pittsburgh_Frankenstein/frankenTexts_HTML/Frankenstein1818_ProjGutenberg.html","jonklancher","0jjHCBoYEeeeMX8IDnk4zQ","GwWrAWaw","science","I may there discover the wondrous power which attracts the needle","Magnetism, according to contemporary theories of electricity, was potentially the source of all life. Mary Shelley draws especially on the physiologist William Lawrence for this conjecture. Lawrence famously debated John Abernathy's vitalist account of a divine spark animating life by counterposing a materialist electrochemical thesis of life's origins. "
"2017-04-05T16:02:06","https://mjlavin80.github.io/Pittsburgh_Frankenstein/frankenTexts_HTML/Frankenstein1818_ProjGutenberg.html","jonklancher","N8OuihoZEeeq1AsrIGL8cA","GwWrAWaw","religion","between St. Petersburgh and Archangel.","These towns in Russia also indicate Walton's progression from the place of saints to the place of archangels on the ""road"" toward the site of God's ultimate creative powers at the pole, the site of magnetic power."
"2017-04-05T15:59:14","https://mjlavin80.github.io/Pittsburgh_Frankenstein/frankenTexts_HTML/Frankenstein1818_ProjGutenberg.html","jonklancher","MLVjgMO3Eead4ls03wojcg","GwWrAWaw","arctic, north pole","the prospect of arriving at the North Pacific Ocean through the seas which surround the pole.","The North Pole designates the physical place of magnetism. ""North Sea"" is likely synonym for Arctic Ocean."
"2017-04-05T15:58:53","https://mjlavin80.github.io/Pittsburgh_Frankenstein/frankenTexts_HTML/Frankenstein1818_ProjGutenberg.html","jonklancher","xISd5BoYEeeRW083abAUKg","GwWrAWaw","poetry","when I perused, for the first time, those poets whose effusions entranced my soul and lifted it to heaven","""Those poets"" likely included John Milton, Samuel Taylor Coleridge, and William Wordsworth, who are quoted throughout the novel."
